,productdescriptions,descriptions,ASINS,manufacturers,names,prices,reviews,links
0,"
  Is Discontinued By Manufacturer
                                    ‏
                                        :
                                    ‎
                                 No   Product Dimensions
                                    ‏
                                        :
                                    ‎
                                 83.82 x 44.45 x 119.38 cm; 500 Grams   Date First Available
                                    ‏
                                        :
                                    ‎
                                 3 March 2017   Manufacturer
                                    ‏
                                        :
                                    ‎
                                 Backpack International Pvt Ltd   ASIN
                                    ‏
                                        :
                                    ‎
                                 B01LXNNFDF   Item model number
                                    ‏
                                        :
                                    ‎
                                 Havana   Country of Origin
                                    ‏
                                        :
                                    ‎
                                 India   Department
                                    ‏
                                        :
                                    ‎
                                 Unisex-adult   Manufacturer
                                    ‏
                                        :
                                    ‎
                                 Backpack International Pvt Ltd, Backpack International Pvt Ltd, Contact no +919769487901   Packer
                                    ‏
                                        :
                                    ‎
                                 Backpack International Pvt Ltd, Contact no +919769487901   Importer
                                    ‏
                                        :
                                    ‎
                                 Backpack International Pvt Ltd, Contact no +919769487901   Item Weight
                                    ‏
                                        :
                                    ‎
                                 500 g   Item Dimensions LxWxH
                                    ‏
                                        :
                                    ‎
                                 83.8 x 44.4 x 119.4 Centimeters   Net Quantity
                                    ‏
                                        :
                                    ‎
                                 1.00 count   Generic Name
                                    ‏
                                        :
                                    ‎
                                 Laptop Backpack   ","Name =         URBAN TRIBE Havana 15.6"" inch Laptop Backpack for Men and Women | 27L Office/Work/Casual Bag | Water Repellent | Black       , Price=998.",‏ ‎ B01LXNNFDF,"‏ ‎ Backpack International Pvt Ltd, Backpack International Pvt Ltd, Contact no +919769487901","        URBAN TRIBE Havana 15.6"" inch Laptop Backpack for Men and Women | 27L Office/Work/Casual Bag | Water Repellent | Black       ",998.,684,https://www.amazon.in/sspa/click?ie=UTF8&spc=MTo3MzU4MDI3ODM4MjQ1MDk2OjE2NzUzMjA1OTE6c3BfYXRmOjIwMTA0MTQwMjYzNjk4OjowOjo&url=%2FUrban-Tribe-Laptop-Backpack-Havana%2Fdp%2FB01LXNNFDF%2Fref%3Dsr_1_1_sspa%3Fcrid%3D2M096C61O4MLT%26keywords%3Dbags%26qid%3D1675320591%26sprefix%3Dba%252Caps%252C283%26sr%3D8-1-spons%26sp_csd%3Dd2lkZ2V0TmFtZT1zcF9hdGY%26psc%3D1s
1,"
  Is Discontinued By Manufacturer
                                    ‏
                                        :
                                    ‎
                                 No   Product Dimensions
                                    ‏
                                        :
                                    ‎
                                 83.82 x 44.45 x 119.38 cm; 500 Grams   Date First Available
                                    ‏
                                        :
                                    ‎
                                 3 March 2017   Manufacturer
                                    ‏
                                        :
                                    ‎
                                 Backpack International Pvt Ltd   ASIN
                                    ‏
                                        :
                                    ‎
                                 B01LXNNFDF   Item model number
                                    ‏
                                        :
                                    ‎
                                 Havana   Country of Origin
                                    ‏
                                        :
                                    ‎
                                 India   Department
                                    ‏
                                        :
                                    ‎
                                 unisex-adult   Manufacturer
                                    ‏
                                        :
                                    ‎
                                 Backpack International Pvt Ltd, Backpack International Pvt Ltd, Contact no +919769487901   Packer
                                    ‏
                                        :
                                    ‎
                                 Backpack International Pvt Ltd, Contact no +919769487901   Importer
                                    ‏
                                        :
                                    ‎
                                 Backpack International Pvt Ltd, Contact no +919769487901   Item Weight
                                    ‏
                                        :
                                    ‎
                                 500 g   Item Dimensions LxWxH
                                    ‏
                                        :
                                    ‎
                                 83.8 x 44.4 x 119.4 Centimeters   Net Quantity
                                    ‏
                                        :
                                    ‎
                                 1.00 count   Generic Name
                                    ‏
                                        :
                                    ‎
                                 Laptop Backpack   ","Name =         URBAN TRIBE Havana 15.6"" inch Laptop Backpack for Men and Women | 27L Office/Work/Casual Bag | Water Repellent | Black       , Price=998.",‏ ‎ B01LXNNFDF,"‏ ‎ Backpack International Pvt Ltd, Backpack International Pvt Ltd, Contact no +919769487901","        URBAN TRIBE Havana 15.6"" inch Laptop Backpack for Men and Women | 27L Office/Work/Casual Bag | Water Repellent | Black       ",998.,684,https://www.amazon.in/sspa/click?ie=UTF8&spc=MTo3MzU4MDI3ODM4MjQ1MDk2OjE2NzUzMjA1OTE6c3BfYXRmOjIwMTA0MTQwMjYzNjk4OjowOjo&url=%2FUrban-Tribe-Laptop-Backpack-Havana%2Fdp%2FB01LXNNFDF%2Fref%3Dsr_1_1_sspa%3Fcrid%3D2M096C61O4MLT%26keywords%3Dbags%26qid%3D1675320591%26sprefix%3Dba%252Caps%252C283%26sr%3D8-1-spons%26sp_csd%3Dd2lkZ2V0TmFtZT1zcF9hdGY%26psc%3D1s
2,Not Found,"Name =         Amazon Basics - Laptop Backpack/Casual Backpack/College Bag for 15.6-inch Laptop, Water-Resistant, Lightweight, Sleek and Modern Design       , Price=1,209.",Not Found,Not Found,"        Amazon Basics - Laptop Backpack/Casual Backpack/College Bag for 15.6-inch Laptop, Water-Resistant, Lightweight, Sleek and Modern Design       ","1,209.",1,https://www.amazon.in/sspa/click?ie=UTF8&spc=MTo3MzU4MDI3ODM4MjQ1MDk2OjE2NzUzMjA1OTE6c3BfYXRmOjIwMTE1NDYwNjg3MDk4OjowOjo&url=%2FAmazon-Basics-Modern-Lightweight-Backpack%2Fdp%2FB09W4ZPP3D%2Fref%3Dsr_1_2_sspa%3Fcrid%3D2M096C61O4MLT%26keywords%3Dbags%26qid%3D1675320591%26sprefix%3Dba%252Caps%252C283%26sr%3D8-2-spons%26sp_csd%3Dd2lkZ2V0TmFtZT1zcF9hdGY%26psc%3D1s
3,Not Found,"Name =         American Tourister 32 Ltrs Black Casual Backpack (AMT FIZZ SCH BAG 02 - BLACK)       , Price=1,299.",Not Found,Not Found,        American Tourister 32 Ltrs Black Casual Backpack (AMT FIZZ SCH BAG 02 - BLACK)       ,"1,299.","51,353",https://www.amazon.in/American-Tourister-AMT-SCH-02/dp/B07CJCGM1M/ref=sr_1_3?crid=2M096C61O4MLT&keywords=bags&qid=1675320591&sprefix=ba%2Caps%2C283&sr=8-3s
4,Not Found,"Name =         Wesley Milestone 2.0 Casual Waterproof Laptop Backpack/Office Bag/School Bag/College Bag/Business Bag/Travel Backpack (Dimensions:13x18 inches) (Compatible with 39.62cm(15.6inch laptop) 30 L (Blue & black)       , Price=565.",Not Found,Not Found,        Wesley Milestone 2.0 Casual Waterproof Laptop Backpack/Office Bag/School Bag/College Bag/Business Bag/Travel Backpack (Dimensions:13x18 inches) (Compatible with 39.62cm(15.6inch laptop) 30 L (Blue & black)       ,565.,"9,221",https://www.amazon.in/Wesley-Milestone-Waterproof-Backpack-Business/dp/B084JGJ8PF/ref=sr_1_4?crid=2M096C61O4MLT&keywords=bags&qid=1675320591&sprefix=ba%2Caps%2C283&sr=8-4s
5,"
  Product Dimensions
                                    ‏
                                        :
                                    ‎
                                 10.01 x 19.99 x 11.99 cm; 390 Grams   Date First Available
                                    ‏
                                        :
                                    ‎
                                 15 March 2021   Manufacturer
                                    ‏
                                        :
                                    ‎
                                 VIP Industries Ltd   ASIN
                                    ‏
                                        :
                                    ‎
                                 B08Z1HHHTD   Manufacturer
                                    ‏
                                        :
                                    ‎
                                 VIP Industries Ltd   Item Weight
                                    ‏
                                        :
                                    ‎
                                 390 g   Item Dimensions LxWxH
                                    ‏
                                        :
                                    ‎
                                 10 x 20 x 12 Centimeters   ","Name =         Skybags Brat Black 46 Cms Casual Backpack       , Price=669.",‏ ‎ B08Z1HHHTD,‏ ‎ VIP Industries Ltd,        Skybags Brat Black 46 Cms Casual Backpack       ,669.,"3,364",https://www.amazon.in/Skybags-Brat-Black-Casual-Backpack/dp/B08Z1HHHTD/ref=sr_1_5?crid=2M096C61O4MLT&keywords=bags&qid=1675320591&sprefix=ba%2Caps%2C283&sr=8-5s
6,Not Found,"Name =         Sirona Sanitary Disposable Bags - 75 Bags for Discreet Disposal of Tampons, Condoms, Diaper, Sanitary Pads, Panty Liner and Personal Hygiene Waste       , Price=225.",Not Found,Not Found,"        Sirona Sanitary Disposable Bags - 75 Bags for Discreet Disposal of Tampons, Condoms, Diaper, Sanitary Pads, Panty Liner and Personal Hygiene Waste       ",225.,"2,658",https://www.amazon.in/Sirona-Sanitary-Napkin-Diapers-Disposal/dp/B01NAZVN8M/ref=sxin_15_sbv_search_btf?content-id=amzn1.sym.dd2aa9b8-d653-4b22-af5d-81cb48e44028%3Aamzn1.sym.dd2aa9b8-d653-4b22-af5d-81cb48e44028&crid=2M096C61O4MLT&cv_ct_cx=bags&keywords=bags&pd_rd_i=B01NAZVN8M&pd_rd_r=25fc97c3-ab6d-4379-95b7-fd73cc295054&pd_rd_w=1lkm7&pd_rd_wg=RGJgB&pf_rd_p=dd2aa9b8-d653-4b22-af5d-81cb48e44028&pf_rd_r=YJ1930STKMK4V8R747SH&qid=1675320591&sprefix=ba%2Caps%2C283&sr=1-1-9131241a-a358-4619-a7b8-0f5a65d91d81s
7,Not Found,"Name =         Sirona Sanitary Disposable Bags - 75 Bags for Discreet Disposal of Tampons, Condoms, Diaper, Sanitary Pads, Panty Liner and Personal Hygiene Waste       , Price=225.",Not Found,Not Found,"        Sirona Sanitary Disposable Bags - 75 Bags for Discreet Disposal of Tampons, Condoms, Diaper, Sanitary Pads, Panty Liner and Personal Hygiene Waste       ",225.,"2,658",https://www.amazon.in/Sirona-Sanitary-Napkin-Diapers-Disposal/dp/B01NAZVN8M/ref=sxin_15_sbv_search_btf?content-id=amzn1.sym.dd2aa9b8-d653-4b22-af5d-81cb48e44028%3Aamzn1.sym.dd2aa9b8-d653-4b22-af5d-81cb48e44028&crid=2M096C61O4MLT&cv_ct_cx=bags&keywords=bags&pd_rd_i=B01NAZVN8M&pd_rd_r=25fc97c3-ab6d-4379-95b7-fd73cc295054&pd_rd_w=1lkm7&pd_rd_wg=RGJgB&pf_rd_p=dd2aa9b8-d653-4b22-af5d-81cb48e44028&pf_rd_r=YJ1930STKMK4V8R747SH&qid=1675320591&sprefix=ba%2Caps%2C283&sr=1-1-9131241a-a358-4619-a7b8-0f5a65d91d81s
8,"
  Product Dimensions
                                    ‏
                                        :
                                    ‎
                                 32 x 20 x 47 cm; 530 Grams   Date First Available
                                    ‏
                                        :
                                    ‎
                                 1 March 2022   Manufacturer
                                    ‏
                                        :
                                    ‎
                                 ADISA   ASIN
                                    ‏
                                        :
                                    ‎
                                 B09TPX22NF   Item model number
                                    ‏
                                        :
                                    ‎
                                 BP041   Country of Origin
                                    ‏
                                        :
                                    ‎
                                 India   Department
                                    ‏
                                        :
                                    ‎
                                 Men   Manufacturer
                                    ‏
                                        :
                                    ‎
                                 ADISA, ADISA INTERNATIONAL, 42/34, Upper Ground Floor, DLF Industrial Area, Kirti Nagar, New Delhi 110015, careadisa@gmail.com   Packer
                                    ‏
                                        :
                                    ‎
                                 ADISA INTERNATIONAL, 42/34, Upper Ground Floor, DLF Industrial Area, Kirti Nagar, New Delhi 110015, careadisa@gmail.com   Item Weight
                                    ‏
                                        :
                                    ‎
                                 530 g   Item Dimensions LxWxH
                                    ‏
                                        :
                                    ‎
                                 32 x 20 x 47 Centimeters   Net Quantity
                                    ‏
                                        :
                                    ‎
                                 1.00 count   Included Components
                                    ‏
                                        :
                                    ‎
                                 Laptop backpack only   Generic Name
                                    ‏
                                        :
                                    ‎
                                 Laptop backpack   ","Name =         ADISA 15.6 inch Laptop Backpack Office Bag College Travel Back Pack 32 Ltrs (z-Navy Blue)       , Price=499.",‏ ‎ B09TPX22NF,"‏ ‎ ADISA, ADISA INTERNATIONAL, 42/34, Upper Ground Floor, DLF Industrial Area, Kirti Nagar, New Delhi 110015, careadisa@gmail.com",        ADISA 15.6 inch Laptop Backpack Office Bag College Travel Back Pack 32 Ltrs (z-Navy Blue)       ,499.,461,https://www.amazon.in/ADISA-Laptop-Backpack-Office-College/dp/B09TPX22NF/ref=sr_1_6?crid=2M096C61O4MLT&keywords=bags&qid=1675320591&sprefix=ba%2Caps%2C283&sr=8-6s
9,"
  Product Dimensions
                                    ‏
                                        :
                                    ‎
                                 29.01 x 46 x 19 cm; 580 Grams   Date First Available
                                    ‏
                                        :
                                    ‎
                                 11 April 2019   Manufacturer
                                    ‏
                                        :
                                    ‎
                                 AirCase   ASIN
                                    ‏
                                        :
                                    ‎
                                 B07QN4KXWG   Item model number
                                    ‏
                                        :
                                    ‎
                                 C34-P   Country of Origin
                                    ‏
                                        :
                                    ‎
                                 India   Department
                                    ‏
                                        :
                                    ‎
                                 Unisex-adult   Manufacturer
                                    ‏
                                        :
                                    ‎
                                 AirCase, Istuff365, Godown No.H-3, Dharam Complex, Thane-421302   Packer
                                    ‏
                                        :
                                    ‎
                                 Istuff365, Godown No.H-3, Dharam Complex, Thane-421302   Item Weight
                                    ‏
                                        :
                                    ‎
                                 580 g   Item Dimensions LxWxH
                                    ‏
                                        :
                                    ‎
                                 29 x 46 x 19 Centimeters   Net Quantity
                                    ‏
                                        :
                                    ‎
                                 1 Unit   Included Components
                                    ‏
                                        :
                                    ‎
                                 1 Laptop Backpack   Generic Name
                                    ‏
                                        :
                                    ‎
                                 Laptop Backpack   ","Name =         AirCase Laptop Bag Backpack Case Pouch for Laptop Backpack for Men & Women,Premium Vegan Leather       , Price=999.",‏ ‎ B07QN4KXWG,"‏ ‎ AirCase, Istuff365, Godown No.H-3, Dharam Complex, Thane-421302","        AirCase Laptop Bag Backpack Case Pouch for Laptop Backpack for Men & Women,Premium Vegan Leather       ",999.,709,https://www.amazon.in/AirCase-C34-Laptop-Backpack-Women/dp/B07QN4KXWG/ref=sr_1_7?crid=2M096C61O4MLT&keywords=bags&qid=1675320591&sprefix=ba%2Caps%2C283&sr=8-7s
10,"
  Is Discontinued By Manufacturer
                                    ‏
                                        :
                                    ‎
                                 No   Product Dimensions
                                    ‏
                                        :
                                    ‎
                                 28 x 27 x 47 cm; 900 Grams   Date First Available
                                    ‏
                                        :
                                    ‎
                                 20 December 2018   Manufacturer
                                    ‏
                                        :
                                    ‎
                                 Fur Jaden   ASIN
                                    ‏
                                        :
                                    ‎
                                 B07M9BRCQ5   Item model number
                                    ‏
                                        :
                                    ‎
                                 DUFF05   Country of Origin
                                    ‏
                                        :
                                    ‎
                                 India   Manufacturer
                                    ‏
                                        :
                                    ‎
                                 Fur Jaden, 3-C, Jai Hind Bld, Dr AM Road, Bhuleshwar, Mumbai 400002, 8080888028   Item Weight
                                    ‏
                                        :
                                    ‎
                                 900 g   Item Dimensions LxWxH
                                    ‏
                                        :
                                    ‎
                                 28 x 27 x 47 Centimeters   Net Quantity
                                    ‏
                                        :
                                    ‎
                                 1 count   Included Components
                                    ‏
                                        :
                                    ‎
                                 1 Duffle Bag   Generic Name
                                    ‏
                                        :
                                    ‎
                                 Duffle Bag   ","Name =         Fur Jaden Brown Textured Leatherette Stylish & Spacious Weekender Duffle Bag for Travel       , Price=889.",‏ ‎ B07M9BRCQ5,"‏ ‎ Fur Jaden, 3-C, Jai Hind Bld, Dr AM Road, Bhuleshwar, Mumbai 400002, 8080888028",        Fur Jaden Brown Textured Leatherette Stylish & Spacious Weekender Duffle Bag for Travel       ,889.,"5,313",https://www.amazon.in/FUR-JADEN-Leatherette-Polypropylene-DUFF05/dp/B07M9BRCQ5/ref=sr_1_8?crid=2M096C61O4MLT&keywords=bags&qid=1675320591&sprefix=ba%2Caps%2C283&sr=8-8s
11,"
  Product Dimensions
                                    ‏
                                        :
                                    ‎
                                 36.8 x 22.9 x 50.8 cm; 900 Grams   Date First Available
                                    ‏
                                        :
                                    ‎
                                 6 July 2021   Manufacturer
                                    ‏
                                        :
                                    ‎
                                 Wesley   ASIN
                                    ‏
                                        :
                                    ‎
                                 B098QFF5TJ   Item model number
                                    ‏
                                        :
                                    ‎
                                 Spartan Hiking   Country of Origin
                                    ‏
                                        :
                                    ‎
                                 India   Department
                                    ‏
                                        :
                                    ‎
                                 Unisex-adult   Manufacturer
                                    ‏
                                        :
                                    ‎
                                 Wesley, Longani Trading Company, F-82, Sector-1, Bawana Industrial Area, Delhi-110039. Ph-9560940507   Packer
                                    ‏
                                        :
                                    ‎
                                 Longani Trading Company, F-82, Sector-1, Bawana Industrial Area, Delhi-110039. Ph-9560940507   Item Weight
                                    ‏
                                        :
                                    ‎
                                 900 g   Item Dimensions LxWxH
                                    ‏
                                        :
                                    ‎
                                 36.8 x 22.9 x 50.8 Centimeters   Included Components
                                    ‏
                                        :
                                    ‎
                                 Backpack, Raincover   Generic Name
                                    ‏
                                        :
                                    ‎
                                 LAPTOP BACKPACK   ","Name =         Wesley Spartan Unisex Travel Hiking Laptop Bag fits Upto 17.3 inch with Raincover and Internal Organiser Backpack Rucksack College Bag       , Price=798",‏ ‎ B098QFF5TJ,"‏ ‎ Wesley, Longani Trading Company, F-82, Sector-1, Bawana Industrial Area, Delhi-110039. Ph-9560940507",        Wesley Spartan Unisex Travel Hiking Laptop Bag fits Upto 17.3 inch with Raincover and Internal Organiser Backpack Rucksack College Bag       ,798,911,https://www.amazon.in/Wesley-Spartan-Hiking-Raincover-Organiser/dp/B098QFF5TJ/ref=sr_1_9?crid=2M096C61O4MLT&keywords=bags&qid=1675320591&sprefix=ba%2Caps%2C283&sr=8-9s
12,"
  Product Dimensions
                                    ‏
                                        :
                                    ‎
                                 32 x 46 x 16 cm; 350 Grams   Date First Available
                                    ‏
                                        :
                                    ‎
                                 22 July 2021   Manufacturer
                                    ‏
                                        :
                                    ‎
                                 Safari Industries   ASIN
                                    ‏
                                        :
                                    ‎
                                 B09B26VHXV   Item model number
                                    ‏
                                        :
                                    ‎
                                 FLASH19CBBLU   Country of Origin
                                    ‏
                                        :
                                    ‎
                                 India   Department
                                    ‏
                                        :
                                    ‎
                                 Unisex-adult   Manufacturer
                                    ‏
                                        :
                                    ‎
                                 Safari Industries, 302-303, A Wing, The Qube CTS No.1498, A/2, Sir Mathuradas Vasanji Rd, Marol, Andheri East, Mumbai, Maharashtra 400059   Packer
                                    ‏
                                        :
                                    ‎
                                 302-303, A Wing, The Qube CTS No.1498, A/2, Sir Mathuradas Vasanji Rd, Marol, Andheri East, Mumbai, Maharashtra 400059   Importer
                                    ‏
                                        :
                                    ‎
                                 302-303, A Wing, The Qube CTS No.1498, A/2, Sir Mathuradas Vasanji Rd, Marol, Andheri East, Mumbai, Maharashtra 400059   Item Weight
                                    ‏
                                        :
                                    ‎
                                 350 g   Item Dimensions LxWxH
                                    ‏
                                        :
                                    ‎
                                 32 x 46 x 16 Centimeters   Generic Name
                                    ‏
                                        :
                                    ‎
                                 Backpack   ","Name =         Safari Flash Casual Backpack, 26 ltr Water Resistant Travel Bags| Weight Polyester Bagpack for Men and Women, Spacious Shoulder Bag for College, Office, Travelling and Camping       , Price=699.",‏ ‎ B09B26VHXV,"‏ ‎ Safari Industries, 302-303, A Wing, The Qube CTS No.1498, A/2, Sir Mathuradas Vasanji Rd, Marol, Andheri East, Mumbai, Maharashtra 400059","        Safari Flash Casual Backpack, 26 ltr Water Resistant Travel Bags| Weight Polyester Bagpack for Men and Women, Spacious Shoulder Bag for College, Office, Travelling and Camping       ",699.,"2,180",https://www.amazon.in/Safari-Backpack-Resistant-Polyester-Travelling/dp/B09B26VHXV/ref=sr_1_10?crid=2M096C61O4MLT&keywords=bags&qid=1675320591&sprefix=ba%2Caps%2C283&sr=8-10s
13,"
  Package Dimensions
                                    ‏
                                        :
                                    ‎
                                 41 x 36 x 3.5 cm; 460 Grams   Date First Available
                                    ‏
                                        :
                                    ‎
                                 4 October 2022   ASIN
                                    ‏
                                        :
                                    ‎
                                 B0BH8S9QGH   Item model number
                                    ‏
                                        :
                                    ‎
                                 ANTI-01   Country of Origin
                                    ‏
                                        :
                                    ‎
                                 India   Department
                                    ‏
                                        :
                                    ‎
                                 Unisex-adult   Item Weight
                                    ‏
                                        :
                                    ‎
                                 460 g   ","Name =         NORTH ZONE 30 ltrs ( Cms) backpack(INVALID DATA_grey)       , Price=599",‏ ‎ B0BH8S9QGH,Not Found,        NORTH ZONE 30 ltrs ( Cms) backpack(INVALID DATA_grey)       ,599,33,https://www.amazon.in/sspa/click?ie=UTF8&spc=MTo3MzU4MDI3ODM4MjQ1MDk2OjE2NzUzMjA1OTE6c3BfbXRmOjIwMDgyMzk3MjEzODk4OjowOjo&url=%2FNORTH-ZONE-backpack-INVALID-DATA_grey%2Fdp%2FB0BH8S9QGH%2Fref%3Dsr_1_11_sspa%3Fcrid%3D2M096C61O4MLT%26keywords%3Dbags%26qid%3D1675320591%26sprefix%3Dba%252Caps%252C283%26sr%3D8-11-spons%26sp_csd%3Dd2lkZ2V0TmFtZT1zcF9tdGY%26psc%3D1s
14,Not Found,"Name =         Mi Step Out 12 L Mini Backpack (Small Size, Black, Water Repellant)       , Price=349.",Not Found,Not Found,"        Mi Step Out 12 L Mini Backpack (Small Size, Black, Water Repellant)       ",349.,"7,623",https://www.amazon.in/Backpack-Small-Black-Water-Repellant/dp/B088XB5XY8/ref=sr_1_13?crid=2M096C61O4MLT&keywords=bags&qid=1675320591&sprefix=ba%2Caps%2C283&sr=8-13s
15,Not Found,"Name =         Kuber Industries Women's Handkerchief Set (Cream)       , Price=312.",Not Found,Not Found,        Kuber Industries Women's Handkerchief Set (Cream)       ,312.,472,https://www.amazon.in/Kuber-Industries-Handcrafted-Embroidered-Handbag/dp/B082VDVJGM/ref=sxin_24?asc_contentid=amzn1.osa.0538446c-4d65-4d18-896a-0a51a79ab27a.A21TJRUUN4KGV.en_IN&asc_contenttype=article&ascsubtag=amzn1.osa.0538446c-4d65-4d18-896a-0a51a79ab27a.A21TJRUUN4KGV.en_IN&content-id=amzn1.sym.feb2b32b-0085-4665-973c-36b431684408%3Aamzn1.sym.feb2b32b-0085-4665-973c-36b431684408&creativeASIN=B082VDVJGM&crid=2M096C61O4MLT&cv_ct_cx=bags&cv_ct_id=amzn1.osa.0538446c-4d65-4d18-896a-0a51a79ab27a.A21TJRUUN4KGV.en_IN&cv_ct_pg=search&cv_ct_we=asin&cv_ct_wn=osp-single-source-pecos-desktop&keywords=bags&linkCode=oas&pd_rd_i=B082VDVJGM&pd_rd_r=25fc97c3-ab6d-4379-95b7-fd73cc295054&pd_rd_w=h2IZA&pd_rd_wg=RGJgB&pf_rd_p=feb2b32b-0085-4665-973c-36b431684408&pf_rd_r=YJ1930STKMK4V8R747SH&qid=1675320591&sprefix=ba%2Caps%2C283&sr=1-1-c84eb971-91f2-4a4d-acce-811265c24254&tag=idivaosp-21s
16,Not Found,"Name =         Kuber Industries Women's Handkerchief Set (Cream)       , Price=312.",Not Found,Not Found,        Kuber Industries Women's Handkerchief Set (Cream)       ,312.,472,https://www.amazon.in/Kuber-Industries-Handcrafted-Embroidered-Handbag/dp/B082VDVJGM/ref=sxin_24?asc_contentid=amzn1.osa.0538446c-4d65-4d18-896a-0a51a79ab27a.A21TJRUUN4KGV.en_IN&asc_contenttype=article&ascsubtag=amzn1.osa.0538446c-4d65-4d18-896a-0a51a79ab27a.A21TJRUUN4KGV.en_IN&content-id=amzn1.sym.feb2b32b-0085-4665-973c-36b431684408%3Aamzn1.sym.feb2b32b-0085-4665-973c-36b431684408&creativeASIN=B082VDVJGM&crid=2M096C61O4MLT&cv_ct_cx=bags&cv_ct_id=amzn1.osa.0538446c-4d65-4d18-896a-0a51a79ab27a.A21TJRUUN4KGV.en_IN&cv_ct_pg=search&cv_ct_we=asin&cv_ct_wn=osp-single-source-pecos-desktop&keywords=bags&linkCode=oas&pd_rd_i=B082VDVJGM&pd_rd_r=25fc97c3-ab6d-4379-95b7-fd73cc295054&pd_rd_w=h2IZA&pd_rd_wg=RGJgB&pf_rd_p=feb2b32b-0085-4665-973c-36b431684408&pf_rd_r=YJ1930STKMK4V8R747SH&qid=1675320591&sprefix=ba%2Caps%2C283&sr=1-1-c84eb971-91f2-4a4d-acce-811265c24254&tag=idivaosp-21s
17,"
  Package Dimensions
                                    ‏
                                        :
                                    ‎
                                 39.2 x 26.5 x 11 cm; 870 Grams   Date First Available
                                    ‏
                                        :
                                    ‎
                                 20 December 2019   Manufacturer
                                    ‏
                                        :
                                    ‎
                                 Fiesto Fashion   ASIN
                                    ‏
                                        :
                                    ‎
                                 B082Z33ZDS   Item part number
                                    ‏
                                        :
                                    ‎
                                 FIESTO33   Country of Origin
                                    ‏
                                        :
                                    ‎
                                 India   Department
                                    ‏
                                        :
                                    ‎
                                 Women   Manufacturer
                                    ‏
                                        :
                                    ‎
                                 Fiesto Fashion   Item Weight
                                    ‏
                                        :
                                    ‎
                                 870 g   Net Quantity
                                    ‏
                                        :
                                    ‎
                                 1.00 count   Included Components
                                    ‏
                                        :
                                    ‎
                                 Handbag   ","Name =         Fiesto Fashion PU Leather Handbags With Sling Bag For Women Large Shoulder Tote Purse Top Handle Satchel (Combo Of 3)       , Price=615",‏ ‎ B082Z33ZDS,‏ ‎ Fiesto Fashion,        Fiesto Fashion PU Leather Handbags With Sling Bag For Women Large Shoulder Tote Purse Top Handle Satchel (Combo Of 3)       ,615,"4,071",https://www.amazon.in/Fiesto-Fashion-Womens-Handbag-FIESTO33_Blue/dp/B082Z33ZDS/ref=sxin_24?asc_contentid=amzn1.osa.0538446c-4d65-4d18-896a-0a51a79ab27a.A21TJRUUN4KGV.en_IN&asc_contenttype=article&ascsubtag=amzn1.osa.0538446c-4d65-4d18-896a-0a51a79ab27a.A21TJRUUN4KGV.en_IN&content-id=amzn1.sym.feb2b32b-0085-4665-973c-36b431684408%3Aamzn1.sym.feb2b32b-0085-4665-973c-36b431684408&creativeASIN=B082Z33ZDS&crid=2M096C61O4MLT&cv_ct_cx=bags&cv_ct_id=amzn1.osa.0538446c-4d65-4d18-896a-0a51a79ab27a.A21TJRUUN4KGV.en_IN&cv_ct_pg=search&cv_ct_we=asin&cv_ct_wn=osp-single-source-pecos-desktop&keywords=bags&linkCode=oas&pd_rd_i=B082Z33ZDS&pd_rd_r=25fc97c3-ab6d-4379-95b7-fd73cc295054&pd_rd_w=h2IZA&pd_rd_wg=RGJgB&pf_rd_p=feb2b32b-0085-4665-973c-36b431684408&pf_rd_r=YJ1930STKMK4V8R747SH&qid=1675320591&sprefix=ba%2Caps%2C283&sr=1-2-c84eb971-91f2-4a4d-acce-811265c24254&tag=idivaosp-21s
18,"
  Product Dimensions
                                    ‏
                                        :
                                    ‎
                                 17.78 x 7.62 x 17.78 cm; 290 Grams   Date First Available
                                    ‏
                                        :
                                    ‎
                                 31 December 2020   Manufacturer
                                    ‏
                                        :
                                    ‎
                                 ADISA   ASIN
                                    ‏
                                        :
                                    ‎
                                 B08RWBP3H2   Item model number
                                    ‏
                                        :
                                    ‎
                                 SL5058   Country of Origin
                                    ‏
                                        :
                                    ‎
                                 India   Department
                                    ‏
                                        :
                                    ‎
                                 Women   Manufacturer
                                    ‏
                                        :
                                    ‎
                                 ADISA   Item Weight
                                    ‏
                                        :
                                    ‎
                                 290 g   Item Dimensions LxWxH
                                    ‏
                                        :
                                    ‎
                                 17.8 x 7.6 x 17.8 Centimeters   Net Quantity
                                    ‏
                                        :
                                    ‎
                                 1.00 Handbag   Included Components
                                    ‏
                                        :
                                    ‎
                                 Sling Bag   Generic Name
                                    ‏
                                        :
                                    ‎
                                 Sling Bag   ","Name =         ADISA women girls embroided sling bag       , Price=495.",‏ ‎ B08RWBP3H2,‏ ‎ ADISA,        ADISA women girls embroided sling bag       ,495.,"1,412",https://www.amazon.in/ADISA-women-girls-black-embroided/dp/B08RWBP3H2/ref=sxin_24?asc_contentid=amzn1.osa.0538446c-4d65-4d18-896a-0a51a79ab27a.A21TJRUUN4KGV.en_IN&asc_contenttype=article&ascsubtag=amzn1.osa.0538446c-4d65-4d18-896a-0a51a79ab27a.A21TJRUUN4KGV.en_IN&content-id=amzn1.sym.feb2b32b-0085-4665-973c-36b431684408%3Aamzn1.sym.feb2b32b-0085-4665-973c-36b431684408&creativeASIN=B08RWBP3H2&crid=2M096C61O4MLT&cv_ct_cx=bags&cv_ct_id=amzn1.osa.0538446c-4d65-4d18-896a-0a51a79ab27a.A21TJRUUN4KGV.en_IN&cv_ct_pg=search&cv_ct_we=asin&cv_ct_wn=osp-single-source-pecos-desktop&keywords=bags&linkCode=oas&pd_rd_i=B08RWBP3H2&pd_rd_r=25fc97c3-ab6d-4379-95b7-fd73cc295054&pd_rd_w=h2IZA&pd_rd_wg=RGJgB&pf_rd_p=feb2b32b-0085-4665-973c-36b431684408&pf_rd_r=YJ1930STKMK4V8R747SH&qid=1675320591&sprefix=ba%2Caps%2C283&sr=1-3-c84eb971-91f2-4a4d-acce-811265c24254&tag=idivaosp-21s
19,"
  Product Dimensions
                                    ‏
                                        :
                                    ‎
                                 33 x 13 x 27 cm; 0.9 Grams   Date First Available
                                    ‏
                                        :
                                    ‎
                                 15 May 2019   Manufacturer
                                    ‏
                                        :
                                    ‎
                                 Coalescent India   ASIN
                                    ‏
                                        :
                                    ‎
                                 B07RXYSJHF   Item model number
                                    ‏
                                        :
                                    ‎
                                 LLHB0039GY   Country of Origin
                                    ‏
                                        :
                                    ‎
                                 India   Department
                                    ‏
                                        :
                                    ‎
                                 Women   Manufacturer
                                    ‏
                                        :
                                    ‎
                                 Coalescent India   Item Weight
                                    ‏
                                        :
                                    ‎
                                 0.9 g   Item Dimensions LxWxH
                                    ‏
                                        :
                                    ‎
                                 33 x 13 x 27 Centimeters   Included Components
                                    ‏
                                        :
                                    ‎
                                 Handbag   ","Name =         Lapis O Lupo Women Vegan Leather Handbags Flower Embroidered Bags Fashion Satchel Bags Top Handle       , Price=1,039",‏ ‎ B07RXYSJHF,‏ ‎ Coalescent India,        Lapis O Lupo Women Vegan Leather Handbags Flower Embroidered Bags Fashion Satchel Bags Top Handle       ,"1,039","3,600",https://www.amazon.in/Lapis-Lupo-Flower-Embroidery-Handbag/dp/B07RXYSJHF/ref=sxin_24?asc_contentid=amzn1.osa.0538446c-4d65-4d18-896a-0a51a79ab27a.A21TJRUUN4KGV.en_IN&asc_contenttype=article&ascsubtag=amzn1.osa.0538446c-4d65-4d18-896a-0a51a79ab27a.A21TJRUUN4KGV.en_IN&content-id=amzn1.sym.feb2b32b-0085-4665-973c-36b431684408%3Aamzn1.sym.feb2b32b-0085-4665-973c-36b431684408&creativeASIN=B07RXYSJHF&crid=2M096C61O4MLT&cv_ct_cx=bags&cv_ct_id=amzn1.osa.0538446c-4d65-4d18-896a-0a51a79ab27a.A21TJRUUN4KGV.en_IN&cv_ct_pg=search&cv_ct_we=asin&cv_ct_wn=osp-single-source-pecos-desktop&keywords=bags&linkCode=oas&pd_rd_i=B07RXYSJHF&pd_rd_r=25fc97c3-ab6d-4379-95b7-fd73cc295054&pd_rd_w=h2IZA&pd_rd_wg=RGJgB&pf_rd_p=feb2b32b-0085-4665-973c-36b431684408&pf_rd_r=YJ1930STKMK4V8R747SH&qid=1675320591&sprefix=ba%2Caps%2C283&sr=1-4-c84eb971-91f2-4a4d-acce-811265c24254&tag=idivaosp-21s
20,"
  Product Dimensions
                                    ‏
                                        :
                                    ‎
                                 8 x 30 x 38 cm; 35 Grams   Date First Available
                                    ‏
                                        :
                                    ‎
                                 21 June 2021   Manufacturer
                                    ‏
                                        :
                                    ‎
                                 Vancouver Store   ASIN
                                    ‏
                                        :
                                    ‎
                                 B097NH6X4C   Country of Origin
                                    ‏
                                        :
                                    ‎
                                 India   Manufacturer
                                    ‏
                                        :
                                    ‎
                                 Vancouver Store, Vancouver.store013@gmail.com   Item Weight
                                    ‏
                                        :
                                    ‎
                                 35 g   Item Dimensions LxWxH
                                    ‏
                                        :
                                    ‎
                                 8 x 30 x 38 Centimeters   ","Name =         Blue Tree Kids School Bag Soft Plush Backpack Cartoon Bags Mini Travel Bag for for Girls Boys Toddler Baby Konggi Rabbit & Spiderman       , Price=399.",‏ ‎ B097NH6X4C,"‏ ‎ Vancouver Store, Vancouver.store013@gmail.com",        Blue Tree Kids School Bag Soft Plush Backpack Cartoon Bags Mini Travel Bag for for Girls Boys Toddler Baby Konggi Rabbit & Spiderman       ,399.,7,https://www.amazon.in/Blue-Tree-Backpack-Cartoon-Spiderman/dp/B097NH6X4C/ref=sxin_25_trfob_0_B097NH6X4C?content-id=amzn1.sym.663389f5-ce48-431d-bf46-d5a988f9fcee%3Aamzn1.sym.663389f5-ce48-431d-bf46-d5a988f9fcee&crid=2M096C61O4MLT&cv_ct_cx=bags&keywords=bags&pd_rd_i=B097NH6X4C&pd_rd_r=25fc97c3-ab6d-4379-95b7-fd73cc295054&pd_rd_w=jQVoQ&pd_rd_wg=RGJgB&pf_rd_p=663389f5-ce48-431d-bf46-d5a988f9fcee&pf_rd_r=YJ1930STKMK4V8R747SH&qid=1675320591&sprefix=ba%2Caps%2C283&sr=1-1-cc7a04fe-cc55-42ad-b883-1b910070c86as
21,"
  Product Dimensions
                                    ‏
                                        :
                                    ‎
                                 8 x 30 x 38 cm; 35 Grams   Date First Available
                                    ‏
                                        :
                                    ‎
                                 21 June 2021   Manufacturer
                                    ‏
                                        :
                                    ‎
                                 Vancouver Store   ASIN
                                    ‏
                                        :
                                    ‎
                                 B097NH6X4C   Country of Origin
                                    ‏
                                        :
                                    ‎
                                 India   Manufacturer
                                    ‏
                                        :
                                    ‎
                                 Vancouver Store, Vancouver.store013@gmail.com   Item Weight
                                    ‏
                                        :
                                    ‎
                                 35 g   Item Dimensions LxWxH
                                    ‏
                                        :
                                    ‎
                                 8 x 30 x 38 Centimeters   ","Name =         Blue Tree Kids School Bag Soft Plush Backpack Cartoon Bags Mini Travel Bag for for Girls Boys Toddler Baby Konggi Rabbit & Spiderman       , Price=399.",‏ ‎ B097NH6X4C,"‏ ‎ Vancouver Store, Vancouver.store013@gmail.com",        Blue Tree Kids School Bag Soft Plush Backpack Cartoon Bags Mini Travel Bag for for Girls Boys Toddler Baby Konggi Rabbit & Spiderman       ,399.,7,https://www.amazon.in/Blue-Tree-Backpack-Cartoon-Spiderman/dp/B097NH6X4C/ref=sxin_25_trfob_0_B097NH6X4C?content-id=amzn1.sym.663389f5-ce48-431d-bf46-d5a988f9fcee%3Aamzn1.sym.663389f5-ce48-431d-bf46-d5a988f9fcee&crid=2M096C61O4MLT&cv_ct_cx=bags&keywords=bags&pd_rd_i=B097NH6X4C&pd_rd_r=25fc97c3-ab6d-4379-95b7-fd73cc295054&pd_rd_w=jQVoQ&pd_rd_wg=RGJgB&pf_rd_p=663389f5-ce48-431d-bf46-d5a988f9fcee&pf_rd_r=YJ1930STKMK4V8R747SH&qid=1675320591&sprefix=ba%2Caps%2C283&sr=1-1-cc7a04fe-cc55-42ad-b883-1b910070c86as
22,Not Found,"Name =         Blue Tree Kids School Bag Soft Plush Backpack Combo Cartoon Bags Mini Travel Bag for for Girls Boys Toddler Baby (Pack of 2)       , Price=399.",Not Found,Not Found,        Blue Tree Kids School Bag Soft Plush Backpack Combo Cartoon Bags Mini Travel Bag for for Girls Boys Toddler Baby (Pack of 2)       ,399.,4,https://www.amazon.in/School-Backpack-Cartoon-Travel-Toddler/dp/B08WWG91Q3/ref=sxin_25_trfob_1_B08WWG91Q3?content-id=amzn1.sym.663389f5-ce48-431d-bf46-d5a988f9fcee%3Aamzn1.sym.663389f5-ce48-431d-bf46-d5a988f9fcee&crid=2M096C61O4MLT&cv_ct_cx=bags&keywords=bags&pd_rd_i=B08WWG91Q3&pd_rd_r=25fc97c3-ab6d-4379-95b7-fd73cc295054&pd_rd_w=jQVoQ&pd_rd_wg=RGJgB&pf_rd_p=663389f5-ce48-431d-bf46-d5a988f9fcee&pf_rd_r=YJ1930STKMK4V8R747SH&qid=1675320591&sprefix=ba%2Caps%2C283&sr=1-2-cc7a04fe-cc55-42ad-b883-1b910070c86as
23,"
  Is Discontinued By Manufacturer
                                    ‏
                                        :
                                    ‎
                                 No   Package Dimensions
                                    ‏
                                        :
                                    ‎
                                 31.4 x 19.7 x 5.1 cm; 250 Grams   Date First Available
                                    ‏
                                        :
                                    ‎
                                 23 September 2018   Manufacturer
                                    ‏
                                        :
                                    ‎
                                 Blue Tree   ASIN
                                    ‏
                                        :
                                    ‎
                                 B07HLYW3FF   Item part number
                                    ‏
                                        :
                                    ‎
                                 bluetree_backpacks_034   Country of Origin
                                    ‏
                                        :
                                    ‎
                                 India   Department
                                    ‏
                                        :
                                    ‎
                                 Unisex-child   Manufacturer
                                    ‏
                                        :
                                    ‎
                                 Blue Tree   Item Weight
                                    ‏
                                        :
                                    ‎
                                 250 g   ","Name =         Blue Tree 10 LTR Velvet School Backpack       , Price=288.",‏ ‎ B07HLYW3FF,‏ ‎ Blue Tree,        Blue Tree 10 LTR Velvet School Backpack       ,288.,"1,044",https://www.amazon.in/Blue-Tree-Velvet-Spiderman-School/dp/B07HLYW3FF/ref=sxin_25_trfob_2_B07HLYW3FF?content-id=amzn1.sym.663389f5-ce48-431d-bf46-d5a988f9fcee%3Aamzn1.sym.663389f5-ce48-431d-bf46-d5a988f9fcee&crid=2M096C61O4MLT&cv_ct_cx=bags&keywords=bags&pd_rd_i=B07HLYW3FF&pd_rd_r=25fc97c3-ab6d-4379-95b7-fd73cc295054&pd_rd_w=jQVoQ&pd_rd_wg=RGJgB&pf_rd_p=663389f5-ce48-431d-bf46-d5a988f9fcee&pf_rd_r=YJ1930STKMK4V8R747SH&qid=1675320591&sprefix=ba%2Caps%2C283&sr=1-3-cc7a04fe-cc55-42ad-b883-1b910070c86as
24,"
  Package Dimensions
                                    ‏
                                        :
                                    ‎
                                 36.1 x 5.9 x 4.6 cm; 200 Grams   Date First Available
                                    ‏
                                        :
                                    ‎
                                 11 February 2022   ASIN
                                    ‏
                                        :
                                    ‎
                                 B09SB5DP5Y   Item model number
                                    ‏
                                        :
                                    ‎
                                 Draw String Bag 30x40 set of 10   Country of Origin
                                    ‏
                                        :
                                    ‎
                                 China   Department
                                    ‏
                                        :
                                    ‎
                                 unisex-adult   Item Weight
                                    ‏
                                        :
                                    ‎
                                 200 g   ","Name =         MosQuick® Clear large Drawstring Bags Clear Plastic Travel Bags, Travel Garments Organizing Storage Plastic Bags ,Shoe bags , Stationery Bag,multipurpose bag - Translucent       , Price=399.",‏ ‎ B09SB5DP5Y,Not Found,"        MosQuick® Clear large Drawstring Bags Clear Plastic Travel Bags, Travel Garments Organizing Storage Plastic Bags ,Shoe bags , Stationery Bag,multipurpose bag - Translucent       ",399.,46,https://www.amazon.in/MosQuick%C2%AE-Drawstring-Organizing-Stationery-multipurpose/dp/B09SB5DP5Y/ref=sxin_25_trfob_3_B09SB5DP5Y?content-id=amzn1.sym.663389f5-ce48-431d-bf46-d5a988f9fcee%3Aamzn1.sym.663389f5-ce48-431d-bf46-d5a988f9fcee&crid=2M096C61O4MLT&cv_ct_cx=bags&keywords=bags&pd_rd_i=B09SB5DP5Y&pd_rd_r=25fc97c3-ab6d-4379-95b7-fd73cc295054&pd_rd_w=jQVoQ&pd_rd_wg=RGJgB&pf_rd_p=663389f5-ce48-431d-bf46-d5a988f9fcee&pf_rd_r=YJ1930STKMK4V8R747SH&qid=1675320591&sprefix=ba%2Caps%2C283&sr=1-4-cc7a04fe-cc55-42ad-b883-1b910070c86as
25,Not Found,"Name =         Amazon Brand - Solimo Polyester Duffel Gym Bag with Shoe Compartment       , Price=549.",Not Found,Not Found,        Amazon Brand - Solimo Polyester Duffel Gym Bag with Shoe Compartment       ,549.,91,https://www.amazon.in/Amazon-Brand-Solimo-so_flingyrqba_6-Gym/dp/B084DQ182R/ref=sxin_25_trfob_4_B084DQ182R?content-id=amzn1.sym.663389f5-ce48-431d-bf46-d5a988f9fcee%3Aamzn1.sym.663389f5-ce48-431d-bf46-d5a988f9fcee&crid=2M096C61O4MLT&cv_ct_cx=bags&keywords=bags&pd_rd_i=B084DQ182R&pd_rd_r=25fc97c3-ab6d-4379-95b7-fd73cc295054&pd_rd_w=jQVoQ&pd_rd_wg=RGJgB&pf_rd_p=663389f5-ce48-431d-bf46-d5a988f9fcee&pf_rd_r=YJ1930STKMK4V8R747SH&qid=1675320591&sprefix=ba%2Caps%2C283&sr=1-5-cc7a04fe-cc55-42ad-b883-1b910070c86as
26,"
  Product Dimensions
                                    ‏
                                        :
                                    ‎
                                 30 x 15 x 5 cm; 320 Grams   Date First Available
                                    ‏
                                        :
                                    ‎
                                 17 September 2021   Manufacturer
                                    ‏
                                        :
                                    ‎
                                 Vancouver Store   ASIN
                                    ‏
                                        :
                                    ‎
                                 B09H3H3898   Item model number
                                    ‏
                                        :
                                    ‎
                                 kids bag   Country of Origin
                                    ‏
                                        :
                                    ‎
                                 India   Department
                                    ‏
                                        :
                                    ‎
                                 Children   Manufacturer
                                    ‏
                                        :
                                    ‎
                                 Vancouver Store   Importer
                                    ‏
                                        :
                                    ‎
                                 vancouver.store013@gmail.com   Item Weight
                                    ‏
                                        :
                                    ‎
                                 320 g   Item Dimensions LxWxH
                                    ‏
                                        :
                                    ‎
                                 30 x 15 x 5 Centimeters   Net Quantity
                                    ‏
                                        :
                                    ‎
                                 1.00 count   ","Name =         blue tree 10 ltrs (5 Cms)Backpack(Rider01_Yellow)       , Price=288.",‏ ‎ B09H3H3898,‏ ‎ Vancouver Store,        blue tree 10 ltrs (5 Cms)Backpack(Rider01_Yellow)       ,288.,61,https://www.amazon.in/Backpack-Toddler-Animal-Cartoon-Travel/dp/B09H3H3898/ref=sxin_25_trfob_5_B09H3H3898?content-id=amzn1.sym.663389f5-ce48-431d-bf46-d5a988f9fcee%3Aamzn1.sym.663389f5-ce48-431d-bf46-d5a988f9fcee&crid=2M096C61O4MLT&cv_ct_cx=bags&keywords=bags&pd_rd_i=B09H3H3898&pd_rd_r=25fc97c3-ab6d-4379-95b7-fd73cc295054&pd_rd_w=jQVoQ&pd_rd_wg=RGJgB&pf_rd_p=663389f5-ce48-431d-bf46-d5a988f9fcee&pf_rd_r=YJ1930STKMK4V8R747SH&qid=1675320591&sprefix=ba%2Caps%2C283&sr=1-6-cc7a04fe-cc55-42ad-b883-1b910070c86as
27,"
  Product Dimensions
                                    ‏
                                        :
                                    ‎
                                 8 x 30 x 38 cm; 35 Grams   Date First Available
                                    ‏
                                        :
                                    ‎
                                 9 June 2020   Manufacturer
                                    ‏
                                        :
                                    ‎
                                 Vancouver Store   ASIN
                                    ‏
                                        :
                                    ‎
                                 B089WFG3BK   Country of Origin
                                    ‏
                                        :
                                    ‎
                                 India   Manufacturer
                                    ‏
                                        :
                                    ‎
                                 Vancouver Store, Blackhilllstore@gmail.com   Item Weight
                                    ‏
                                        :
                                    ‎
                                 35 g   Item Dimensions LxWxH
                                    ‏
                                        :
                                    ‎
                                 8 x 30 x 38 Centimeters   ","Name =         blue tree 15 ltrs (38 Cms) backpack(INVALID DATA_red)       , Price=288.",‏ ‎ B089WFG3BK,"‏ ‎ Vancouver Store, Blackhilllstore@gmail.com",        blue tree 15 ltrs (38 Cms) backpack(INVALID DATA_red)       ,288.,218,https://www.amazon.in/Backpack-Toddler-Animal-Cartoon-Red-Stawberry/dp/B089WFG3BK/ref=sxin_25_trfob_6_B089WFG3BK?content-id=amzn1.sym.663389f5-ce48-431d-bf46-d5a988f9fcee%3Aamzn1.sym.663389f5-ce48-431d-bf46-d5a988f9fcee&crid=2M096C61O4MLT&cv_ct_cx=bags&keywords=bags&pd_rd_i=B089WFG3BK&pd_rd_r=25fc97c3-ab6d-4379-95b7-fd73cc295054&pd_rd_w=jQVoQ&pd_rd_wg=RGJgB&pf_rd_p=663389f5-ce48-431d-bf46-d5a988f9fcee&pf_rd_r=YJ1930STKMK4V8R747SH&qid=1675320591&sprefix=ba%2Caps%2C283&sr=1-7-cc7a04fe-cc55-42ad-b883-1b910070c86as
28,"
  Is Discontinued By Manufacturer
                                    ‏
                                        :
                                    ‎
                                 No   Product Dimensions
                                    ‏
                                        :
                                    ‎
                                 5 x 35 x 40 cm; 450 Grams   Date First Available
                                    ‏
                                        :
                                    ‎
                                 7 May 2018   Manufacturer
                                    ‏
                                        :
                                    ‎
                                 Vancouver Store   ASIN
                                    ‏
                                        :
                                    ‎
                                 B07CXXYQ5X   Item part number
                                    ‏
                                        :
                                    ‎
                                 VS-Items-3   Country of Origin
                                    ‏
                                        :
                                    ‎
                                 India   Department
                                    ‏
                                        :
                                    ‎
                                 unisex-child   Manufacturer
                                    ‏
                                        :
                                    ‎
                                 Vancouver Store   Item Weight
                                    ‏
                                        :
                                    ‎
                                 450 g   Item Dimensions LxWxH
                                    ‏
                                        :
                                    ‎
                                 50 x 350 x 400 Millimeters   ","Name =         blue tree 10 ltrs (35 Cms) backpack(VS-Items-3_pink)       , Price=288.",‏ ‎ B07CXXYQ5X,‏ ‎ Vancouver Store,        blue tree 10 ltrs (35 Cms) backpack(VS-Items-3_pink)       ,288.,663,https://www.amazon.in/Blue-Tree-Synthetic-Cartton-Minnie/dp/B07CXXYQ5X/ref=sxin_25_trfob_7_B07CXXYQ5X?content-id=amzn1.sym.663389f5-ce48-431d-bf46-d5a988f9fcee%3Aamzn1.sym.663389f5-ce48-431d-bf46-d5a988f9fcee&crid=2M096C61O4MLT&cv_ct_cx=bags&keywords=bags&pd_rd_i=B07CXXYQ5X&pd_rd_r=25fc97c3-ab6d-4379-95b7-fd73cc295054&pd_rd_w=jQVoQ&pd_rd_wg=RGJgB&pf_rd_p=663389f5-ce48-431d-bf46-d5a988f9fcee&pf_rd_r=YJ1930STKMK4V8R747SH&qid=1675320591&sprefix=ba%2Caps%2C283&sr=1-8-cc7a04fe-cc55-42ad-b883-1b910070c86as
29,"
  Product Dimensions
                                    ‏
                                        :
                                    ‎
                                 22.23 x 15.88 x 6.99 cm; 190 Grams   Date First Available
                                    ‏
                                        :
                                    ‎
                                 19 February 2020   ASIN
                                    ‏
                                        :
                                    ‎
                                 B084ZHP97M   Item part number
                                    ‏
                                        :
                                    ‎
                                 DK01CSP-HYP   Country of Origin
                                    ‏
                                        :
                                    ‎
                                 India   Item Weight
                                    ‏
                                        :
                                    ‎
                                 190 g   Item Dimensions LxWxH
                                    ‏
                                        :
                                    ‎
                                 22.2 x 15.9 x 7 Centimeters   Generic Name
                                    ‏
                                        :
                                    ‎
                                 Messenger Bag   ","Name =         DEIN KLEIDER Men's Nylon Messenger Bag       , Price=349.",‏ ‎ B084ZHP97M,Not Found,        DEIN KLEIDER Men's Nylon Messenger Bag       ,349.,"4,395",https://www.amazon.in/Kleider-Travel-Business-Messenger-Shoulder/dp/B084ZHP97M/ref=sr_1_14?crid=2M096C61O4MLT&keywords=bags&qid=1675320591&sprefix=ba%2Caps%2C283&sr=8-14s
30,"
  Product Dimensions
                                    ‏
                                        :
                                    ‎
                                 12.6 x 18.11 x 6.3 cm; 350 Grams   Date First Available
                                    ‏
                                        :
                                    ‎
                                 22 July 2021   Manufacturer
                                    ‏
                                        :
                                    ‎
                                 Safari Industries   ASIN
                                    ‏
                                        :
                                    ‎
                                 B09B26MB5M   Item model number
                                    ‏
                                        :
                                    ‎
                                 SPARTAN19CBBLU   Country of Origin
                                    ‏
                                        :
                                    ‎
                                 India   Department
                                    ‏
                                        :
                                    ‎
                                 unisex-adult   Manufacturer
                                    ‏
                                        :
                                    ‎
                                 Safari Industries, 302-303, A Wing, The Qube CTS No.1498, A/2, Sir Mathuradas Vasanji Rd, Marol, Andheri East, Mumbai, Maharashtra 400059   Packer
                                    ‏
                                        :
                                    ‎
                                 302-303, A Wing, The Qube CTS No.1498, A/2, Sir Mathuradas Vasanji Rd, Marol, Andheri East, Mumbai, Maharashtra 400059   Importer
                                    ‏
                                        :
                                    ‎
                                 302-303, A Wing, The Qube CTS No.1498, A/2, Sir Mathuradas Vasanji Rd, Marol, Andheri East, Mumbai, Maharashtra 400059   Item Weight
                                    ‏
                                        :
                                    ‎
                                 350 g   Item Dimensions LxWxH
                                    ‏
                                        :
                                    ‎
                                 12.6 x 18.1 x 6.3 Centimeters   Generic Name
                                    ‏
                                        :
                                    ‎
                                 Backpack   ","Name =         Safari Spartan 21 Ltrs Water Resistant Backpack - Blue, S (SPARTAN19CBBLU)       , Price=599.",‏ ‎ B09B26MB5M,"‏ ‎ Safari Industries, 302-303, A Wing, The Qube CTS No.1498, A/2, Sir Mathuradas Vasanji Rd, Marol, Andheri East, Mumbai, Maharashtra 400059","        Safari Spartan 21 Ltrs Water Resistant Backpack - Blue, S (SPARTAN19CBBLU)       ",599.,628,https://www.amazon.in/Safari-Spartan-Water-Resistant-Backpack/dp/B09B26MB5M/ref=sr_1_15?crid=2M096C61O4MLT&keywords=bags&qid=1675320591&sprefix=ba%2Caps%2C283&sr=8-15s
31,"
  Product Dimensions
                                    ‏
                                        :
                                    ‎
                                 31 x 25 x 46 cm; 430 Grams   Date First Available
                                    ‏
                                        :
                                    ‎
                                 28 June 2018   Manufacturer
                                    ‏
                                        :
                                    ‎
                                 ADISA   ASIN
                                    ‏
                                        :
                                    ‎
                                 B07F3X45WZ   Item model number
                                    ‏
                                        :
                                    ‎
                                 BP005   Country of Origin
                                    ‏
                                        :
                                    ‎
                                 India   Department
                                    ‏
                                        :
                                    ‎
                                 Men   Manufacturer
                                    ‏
                                        :
                                    ‎
                                 ADISA, ADISA INTERNATIONAL, 42/34, Upper Ground Floor, DLF Industrial Area, Kirti Nagar, New Delhi 110015, careadisa@gmail.com   Packer
                                    ‏
                                        :
                                    ‎
                                 ADISA INTERNATIONAL, 42/34, Upper Ground Floor, DLF Industrial Area, Kirti Nagar, New Delhi 110015, careadisa@gmail.com   Item Weight
                                    ‏
                                        :
                                    ‎
                                 430 g   Item Dimensions LxWxH
                                    ‏
                                        :
                                    ‎
                                 31 x 25 x 46 Centimeters   Net Quantity
                                    ‏
                                        :
                                    ‎
                                 1.00 Unit   Included Components
                                    ‏
                                        :
                                    ‎
                                 Laptop backpack only   Generic Name
                                    ‏
                                        :
                                    ‎
                                 Laptop backpack   ","Name =         ADISA Light Weight Laptop Backpack 32 Ltrs       , Price=499.",‏ ‎ B07F3X45WZ,"‏ ‎ ADISA, ADISA INTERNATIONAL, 42/34, Upper Ground Floor, DLF Industrial Area, Kirti Nagar, New Delhi 110015, careadisa@gmail.com",        ADISA Light Weight Laptop Backpack 32 Ltrs       ,499.,"5,545",https://www.amazon.in/ADISA-BP005-Weight-Casual-Backpack/dp/B07F3X45WZ/ref=sr_1_16?crid=2M096C61O4MLT&keywords=bags&qid=1675320591&sprefix=ba%2Caps%2C283&sr=8-16s
32,Not Found,"Name =         Wesley Unisex Milestone Casual Waterproof Laptop Office School College Business Travel Backpack 25 L (Dimensions: 12.5x18 inches) (Compatible with 15.6 inch laptops), Navy Blue       , Price=498.",Not Found,Not Found,"        Wesley Unisex Milestone Casual Waterproof Laptop Office School College Business Travel Backpack 25 L (Dimensions: 12.5x18 inches) (Compatible with 15.6 inch laptops), Navy Blue       ",498.,"12,103",https://www.amazon.in/Wesley-Milestone-Waterproof-Backpack-Business/dp/B07K8KLB3P/ref=sr_1_17?crid=2M096C61O4MLT&keywords=bags&qid=1675320591&sprefix=ba%2Caps%2C283&sr=8-17s
33,"
  Product Dimensions
                                    ‏
                                        :
                                    ‎
                                 30.5 x 17.8 x 45.7 cm; 430 Grams   Date First Available
                                    ‏
                                        :
                                    ‎
                                 26 July 2018   Manufacturer
                                    ‏
                                        :
                                    ‎
                                 ADISA   ASIN
                                    ‏
                                        :
                                    ‎
                                 B07G3CG9FC   Item model number
                                    ‏
                                        :
                                    ‎
                                 BP004   Country of Origin
                                    ‏
                                        :
                                    ‎
                                 India   Department
                                    ‏
                                        :
                                    ‎
                                 Men   Manufacturer
                                    ‏
                                        :
                                    ‎
                                 ADISA, ADISA INTERNATIONAL, 42/34, Upper Ground Floor, DLF Industrial Area, Kirti Nagar, New Delhi 110015, careadisa@gmail.com   Packer
                                    ‏
                                        :
                                    ‎
                                 ADISA INTERNATIONAL, 42/34, Upper Ground Floor, DLF Industrial Area, Kirti Nagar, New Delhi 110015, careadisa@gmail.com   Item Weight
                                    ‏
                                        :
                                    ‎
                                 430 g   Item Dimensions LxWxH
                                    ‏
                                        :
                                    ‎
                                 30.5 x 17.8 x 45.7 Centimeters   Net Quantity
                                    ‏
                                        :
                                    ‎
                                 1.00 Unit   Included Components
                                    ‏
                                        :
                                    ‎
                                 Laptop backpack only   Generic Name
                                    ‏
                                        :
                                    ‎
                                 Laptop backpack   ","Name =         ADISA Laptop Backpack 31 Ltrs       , Price=499",‏ ‎ B07G3CG9FC,"‏ ‎ ADISA, ADISA INTERNATIONAL, 42/34, Upper Ground Floor, DLF Industrial Area, Kirti Nagar, New Delhi 110015, careadisa@gmail.com",        ADISA Laptop Backpack 31 Ltrs       ,499,"8,989",https://www.amazon.in/ADISA-BP004-Weight-Casual-Backpack/dp/B07G3CG9FC/ref=sr_1_18?crid=2M096C61O4MLT&keywords=bags&qid=1675320591&sprefix=ba%2Caps%2C283&sr=8-18s
34,Not Found,"Name =         Bennett™ Mystic Formal Business Briefcase Bag Crossbody Messenger College Bags For Men Women MacBook INoteBook ITablet Laptop Upto 15.6 Inch | Handbags with Shoulder Straps (Blue) 6 Months Warranty       , Price=512.",Not Found,Not Found,        Bennett™ Mystic Formal Business Briefcase Bag Crossbody Messenger College Bags For Men Women MacBook INoteBook ITablet Laptop Upto 15.6 Inch | Handbags with Shoulder Straps (Blue) 6 Months Warranty       ,512.,"4,858",https://www.amazon.in/Bennett-Mystic-Shoulder-Messenger-Repellent/dp/B08X2T2M8G/ref=sr_1_19?crid=2M096C61O4MLT&keywords=bags&qid=1675320591&sprefix=ba%2Caps%2C283&sr=8-19s
35,"
  Product Dimensions
                                    ‏
                                        :
                                    ‎
                                 21 x 33 x 48 cm; 600 Grams   Date First Available
                                    ‏
                                        :
                                    ‎
                                 28 February 2020   Manufacturer
                                    ‏
                                        :
                                    ‎
                                 Amazing Bags   ASIN
                                    ‏
                                        :
                                    ‎
                                 B085MHDJ93   Item model number
                                    ‏
                                        :
                                    ‎
                                 bag for men   Country of Origin
                                    ‏
                                        :
                                    ‎
                                 India   Department
                                    ‏
                                        :
                                    ‎
                                 Unisex Adult and Child   Manufacturer
                                    ‏
                                        :
                                    ‎
                                 Amazing Bags, Half_Moon, New Delhi   Item Weight
                                    ‏
                                        :
                                    ‎
                                 600 g   Item Dimensions LxWxH
                                    ‏
                                        :
                                    ‎
                                 21 x 33 x 48 Centimeters   ","Name =         Half Moon 35 ltrs (33 cms)backpack(Navy Laptop Bags_navy blue)       , Price=689.",‏ ‎ B085MHDJ93,"‏ ‎ Amazing Bags, Half_Moon, New Delhi",        Half Moon 35 ltrs (33 cms)backpack(Navy Laptop Bags_navy blue)       ,689.,"14,904",https://www.amazon.in/Half-Moon-Waterproof-Backpack-Students/dp/B085MHDJ93/ref=sr_1_20?crid=2M096C61O4MLT&keywords=bags&qid=1675320591&sprefix=ba%2Caps%2C283&sr=8-20s
36,"
  Product Dimensions
                                    ‏
                                        :
                                    ‎
                                 25 x 31 x 46 cm; 400 Grams   Date First Available
                                    ‏
                                        :
                                    ‎
                                 31 October 2022   ASIN
                                    ‏
                                        :
                                    ‎
                                 B0BKZLJZVF   Item model number
                                    ‏
                                        :
                                    ‎
                                 CKB_520, 521, 522   Country of Origin
                                    ‏
                                        :
                                    ‎
                                 India   Department
                                    ‏
                                        :
                                    ‎
                                 unisex-adult   Item Weight
                                    ‏
                                        :
                                    ‎
                                 400 g   Item Dimensions LxWxH
                                    ‏
                                        :
                                    ‎
                                 25 x 31 x 46 Centimeters   ","Name =         Chris & Kate Grey Khadi Water Resistant Polyester Backpack for School | College | Office Use With Laptop Compartment       , Price=649.",‏ ‎ B0BKZLJZVF,Not Found,        Chris & Kate Grey Khadi Water Resistant Polyester Backpack for School | College | Office Use With Laptop Compartment       ,649.,1,https://www.amazon.in/sspa/click?ie=UTF8&spc=MTo3MzU4MDI3ODM4MjQ1MDk2OjE2NzUzMjA1OTE6c3BfYnRmOjIwMDkxNzAyMDkyOTk4OjowOjo&url=%2FChris-Kate-Resistant-Polyester-Compartment%2Fdp%2FB0BKZLJZVF%2Fref%3Dsr_1_21_sspa%3Fcrid%3D2M096C61O4MLT%26keywords%3Dbags%26qid%3D1675320591%26sprefix%3Dba%252Caps%252C283%26sr%3D8-21-spons%26sp_csd%3Dd2lkZ2V0TmFtZT1zcF9idGY%26psc%3D1s
37,"
  Product Dimensions
                                    ‏
                                        :
                                    ‎
                                 15 x 32 x 45 cm; 840 Grams   Date First Available
                                    ‏
                                        :
                                    ‎
                                 29 September 2022   ASIN
                                    ‏
                                        :
                                    ‎
                                 B0BGSV19KZ   Item model number
                                    ‏
                                        :
                                    ‎
                                 RL-BG1921   Country of Origin
                                    ‏
                                        :
                                    ‎
                                 China   Department
                                    ‏
                                        :
                                    ‎
                                 unisex-adult   Item Weight
                                    ‏
                                        :
                                    ‎
                                 840 g   Item Dimensions LxWxH
                                    ‏
                                        :
                                    ‎
                                 15 x 32 x 45 Centimeters   ","Name =         Red Lemon Swiss Cut Design Medium 26 L Laptop Backpack Outdoor Backpack fits 15.6 inch Multifunctional Laptop Bag Backpack for Men and Women with USB port Anti Theft Travel Backpack       , Price=1,899.",‏ ‎ B0BGSV19KZ,Not Found,        Red Lemon Swiss Cut Design Medium 26 L Laptop Backpack Outdoor Backpack fits 15.6 inch Multifunctional Laptop Bag Backpack for Men and Women with USB port Anti Theft Travel Backpack       ,"1,899.",423,https://www.amazon.in/sspa/click?ie=UTF8&spc=MTo3MzU4MDI3ODM4MjQ1MDk2OjE2NzUzMjA1OTE6c3BfYnRmOjIwMDk4NDY0Mjg5Nzk4OjowOjo&url=%2FRed-Lemon-Backpack-Multifunctional-Charcoal%2Fdp%2FB0BGSV19KZ%2Fref%3Dsr_1_22_sspa%3Fcrid%3D2M096C61O4MLT%26keywords%3Dbags%26qid%3D1675320591%26sprefix%3Dba%252Caps%252C283%26sr%3D8-22-spons%26sp_csd%3Dd2lkZ2V0TmFtZT1zcF9idGY%26psc%3D1s
38,"
  Product Dimensions
                                    ‏
                                        :
                                    ‎
                                 32.5 x 18 x 45.5 cm; 1.3 Kilograms   Date First Available
                                    ‏
                                        :
                                    ‎
                                 17 February 2020   Manufacturer
                                    ‏
                                        :
                                    ‎
                                 scarters   ASIN
                                    ‏
                                        :
                                    ‎
                                 B082PMDYR7   Item model number
                                    ‏
                                        :
                                    ‎
                                 SCBG1120-BLU   Country of Origin
                                    ‏
                                        :
                                    ‎
                                 China   Department
                                    ‏
                                        :
                                    ‎
                                 unisex-adult   Manufacturer
                                    ‏
                                        :
                                    ‎
                                 scarters   Item Weight
                                    ‏
                                        :
                                    ‎
                                 1 kg 300 g   Item Dimensions LxWxH
                                    ‏
                                        :
                                    ‎
                                 32.5 x 18 x 45.5 Centimeters   ","Name =         Scarters | Ultimate Premium Laptop Backpack for Business in Water Resistant Anti-Abrasive Nylon Fabric: Terminal ~ Navy Blue for up to 15.6 inch Laptop/MacBook       , Price=12,399.",‏ ‎ B082PMDYR7,‏ ‎ scarters,        Scarters | Ultimate Premium Laptop Backpack for Business in Water Resistant Anti-Abrasive Nylon Fabric: Terminal ~ Navy Blue for up to 15.6 inch Laptop/MacBook       ,"12,399.",144,https://www.amazon.in/Scarters-Ultimate-Backpack-Resistant-Anti-Abrasive/dp/B082PMDYR7/ref=sxbs_sbv_search_btf?content-id=amzn1.sym.403d884b-b770-4925-9bdf-9e07bc36f348%3Aamzn1.sym.403d884b-b770-4925-9bdf-9e07bc36f348&crid=2M096C61O4MLT&cv_ct_cx=bags&keywords=bags&pd_rd_i=B082PMDYR7&pd_rd_r=1dd7be68-1e94-436f-af59-ef4101bd06ed&pd_rd_w=f1MuQ&pd_rd_wg=tpS7k&pf_rd_p=403d884b-b770-4925-9bdf-9e07bc36f348&pf_rd_r=YJ1930STKMK4V8R747SH&qid=1675320591&sprefix=ba%2Caps%2C283&sr=1-1-f1821008-9dea-4812-b2b6-4a6e4a4f2d55s
39,"
  Product Dimensions
                                    ‏
                                        :
                                    ‎
                                 32.5 x 18 x 45.5 cm; 1.3 Kilograms   Date First Available
                                    ‏
                                        :
                                    ‎
                                 17 February 2020   Manufacturer
                                    ‏
                                        :
                                    ‎
                                 scarters   ASIN
                                    ‏
                                        :
                                    ‎
                                 B082PMDYR7   Item model number
                                    ‏
                                        :
                                    ‎
                                 SCBG1120-BLU   Country of Origin
                                    ‏
                                        :
                                    ‎
                                 China   Department
                                    ‏
                                        :
                                    ‎
                                 Unisex-adult   Manufacturer
                                    ‏
                                        :
                                    ‎
                                 scarters   Item Weight
                                    ‏
                                        :
                                    ‎
                                 1 kg 300 g   Item Dimensions LxWxH
                                    ‏
                                        :
                                    ‎
                                 32.5 x 18 x 45.5 Centimeters   ","Name =         Scarters | Ultimate Premium Laptop Backpack for Business in Water Resistant Anti-Abrasive Nylon Fabric: Terminal ~ Navy Blue for up to 15.6 inch Laptop/MacBook       , Price=12,399.",‏ ‎ B082PMDYR7,‏ ‎ scarters,        Scarters | Ultimate Premium Laptop Backpack for Business in Water Resistant Anti-Abrasive Nylon Fabric: Terminal ~ Navy Blue for up to 15.6 inch Laptop/MacBook       ,"12,399.",144,https://www.amazon.in/Scarters-Ultimate-Backpack-Resistant-Anti-Abrasive/dp/B082PMDYR7/ref=sxbs_sbv_search_btf?content-id=amzn1.sym.403d884b-b770-4925-9bdf-9e07bc36f348%3Aamzn1.sym.403d884b-b770-4925-9bdf-9e07bc36f348&crid=2M096C61O4MLT&cv_ct_cx=bags&keywords=bags&pd_rd_i=B082PMDYR7&pd_rd_r=1dd7be68-1e94-436f-af59-ef4101bd06ed&pd_rd_w=f1MuQ&pd_rd_wg=tpS7k&pf_rd_p=403d884b-b770-4925-9bdf-9e07bc36f348&pf_rd_r=YJ1930STKMK4V8R747SH&qid=1675320591&sprefix=ba%2Caps%2C283&sr=1-1-f1821008-9dea-4812-b2b6-4a6e4a4f2d55s
